{
	"CAD_JPY": 86.982633,
	"JPY_CAD": 0.011497
}